Fit,FitLow,FitHigh
3.808063330553871,3.6477446028120415,3.968382058295701
0.19414217917537158,0.16941836837631008,0.21886598997443307
